set_number,name,current_lego_mrp_inr,mbh_storefront_price_NOT_A_CONFIRMED_MRP,mbh_url
30720,"Ariel & Flounder's Birthday Music Fun",,399,https://lego.mybrickhouse.com/products/lego-30720-recruitment-bags-ariel-flounders-birthday-music-fun-39-pieces
853666,"Shark Suit Guy Key Chain",,699,https://lego.mybrickhouse.com/products/shark-suit-guy-keyring-853666
42228,"McLaren MCL39 F1 Car",20700,24999,https://lego.mybrickhouse.com/products/lego-r-technic-mclaren-mcl39-f1-r-car-building-set-gift-42228
43016,"Cristiano Ronaldo – Football Legend",7200,8499,https://lego.mybrickhouse.com/products/lego-r-editions-cristiano-ronaldo-soccer-legend-set-43016
854328,"Dumbo Key Chain",500,699,https://lego.mybrickhouse.com/products/lego-r-disney-dumbo-key-chain-animal-gift-idea-854328
77259,"Audi Revolut F1 Team R26 Race Car",2999,2999,https://lego.mybrickhouse.com/products/lego-speed-champions-audi-revolut-f1-team-r26-race-car-77259
77258,"F1 ACADEMY LEGO Race Car",2500,2999,https://lego.mybrickhouse.com/products/lego-speed-champions-f1-academy-lego-race-car-77258
75458,"Imperial Remnant AT-RT Driver Helmet",6300,7499,https://lego.mybrickhouse.com/products/lego-r-star-wars-imperial-remnant-at-rt-driver-helmet-building-set-75458
76346,"Spider-Man Hero Figure",9000,9999,https://lego.mybrickhouse.com/products/lego-r-marvel-spider-man-hero-figure-collectible-76346
71861,"The Old Town 15th Anniversary",27000,29999,https://lego.mybrickhouse.com/products/lego-r-ninjago-r-the-old-town-15th-anniversary-toy-71861
60497,"Drive-Through Car Wash",5400,5999,https://lego.mybrickhouse.com/products/lego-r-city-drive-through-car-wash-building-kit-60497
77081,"KIT",9900,10999,https://lego.mybrickhouse.com/products/lego-r-fortnite-r-kit-building-set-77081
11370,"Stranger Things: The Creel House",27000,27999,https://lego.mybrickhouse.com/products/lego-r-icons-stranger-things-the-creel-house-model-kit-11370
76334,"Epic Battle: Spider-Man vs. Sandman",2499,2499,https://lego.mybrickhouse.com/products/lego-r-marvel-epic-battle-spider-man-vs-sandman-76334
40955,"Maersk Dual-Fuel Container Vessel",13500,15999,https://lego.mybrickhouse.com/products/lego-r-maersk-dual-fuel-container-vessel-ship-model-40955
71850,"Lloyd vs. Earth Monster Spinner",900,999,https://lego.mybrickhouse.com/products/lego-r-ninjago-r-lloyd-vs-earth-monster-battle-toy-71850
76337,"Miles Morales Mech vs. Spider-Man 2099",1300,1499,https://lego.mybrickhouse.com/products/lego-r-marvel-miles-morales-mech-vs-spider-man-2099-76337
31386,"Wild Animals: Majestic Lion",6300,6999,https://lego.mybrickhouse.com/products/lego-r-creator-3-in-1-wild-animals-majestic-lion-toy-31386
11045,"Creative Colorful Bricks",4500,5499,https://lego.mybrickhouse.com/products/lego-r-classic-creative-colorful-bricks-building-toy-11045
10474,"Creative Vehicles",1999,1999,https://lego.mybrickhouse.com/products/lego-r-duplo-r-my-first-creative-vehicles-toy-10474
21587,"Zombie Dungeon",2999,2999,https://lego.mybrickhouse.com/products/lego-r-minecraft-r-zombie-dungeon-gaming-building-toy-21587
11208,"Team Spidey Pirate Ship",4500,5499,https://lego.mybrickhouse.com/products/lego-r-marvel-spidey-and-his-amazing-friends-team-spidey-pirate-ship-11208
40925,"Alice in Wonderland",3600,4499,https://lego.mybrickhouse.com/products/lego-r-brickheadz-disney-alice-in-wonderland-toys-40925
40890,"Easter Decorations",,1999,https://lego.mybrickhouse.com/products/lego-r-easter-decorations-seasonal-decor-40890
30714,"Orange Cat",,399,https://lego.mybrickhouse.com/products/lego-30714-recruitment-bags-orange-cat-79-pieces
76441,"Hogwarts Castle: Dueling Club",2200,2749,https://lego.mybrickhouse.com/products/harry-potter-hogwarts-castle-duelling-club-wizard-toy-for-kids-76441-building-kit-158-pieces
21365,"Love Birds",4500,5499,https://lego.mybrickhouse.com/products/lego-r-ideas-love-birds-building-set-bird-decor-21365
40881,"Supply Llama & Fishstick Figures",2200,2499,https://lego.mybrickhouse.com/products/lego-r-fortnite-r-brickheadz-supply-llama-fishstick-figures-40881
854331,"Dragonborn Paladin Key Chain",500,699,https://lego.mybrickhouse.com/products/lego-r-dungeons-dragons-r-dragonborn-paladin-key-chain-854331
43017,"McLaren Mastercard F1 Team Oscar Piastri Helmet",,9999,https://lego.mybrickhouse.com/products/lego-r-editions-mclaren-mastercard-f1-r-team-oscar-piastri-helmet-43017
40893,"Grond",,2999,https://lego.mybrickhouse.com/products/lego-r-icons-the-lord-of-the-rings-grond-decor-model-40893
11384,"Golden Retriever Puppy",12600,14999,https://lego.mybrickhouse.com/products/lego-r-icons-golden-retriever-puppy-animal-figure-11384
40921,"Up-Scaled Blue Astronaut Minifigure",5400,6499,https://lego.mybrickhouse.com/products/lego-r-up-scaled-blue-astronaut-minifigure-space-toy-40921
31383,"Floral Decor Perfume Bottle",2700,2999,https://lego.mybrickhouse.com/products/lego-r-creator-3-in-1-floral-decor-perfume-bottle-31383
42686,"Fun Indoor Playground",5400,6499,https://lego.mybrickhouse.com/products/lego-r-friends-fun-indoor-playground-pretend-play-set-42686
30735,"Hot Rod Car",,399,https://lego.mybrickhouse.com/products/lego-30735-recruitment-bags-hot-rod-car-83-pieces
43025,"Nike Air Max 95 x LEGO Set",9000,9999,https://lego.mybrickhouse.com/products/nike-air-max-95-x-lego-set-building-kit-43025
76300,"Arkham Asylum",27000,31999,https://lego.mybrickhouse.com/products/sh-dc-76300-1
76968,"Dinosaur Fossils: Tyrannosaurus Rex",22500,27499,https://lego.mybrickhouse.com/products/jurassic-world-dinosaur-fossils-tyrannosaurus-rex-model-building-set-76968-building-kit-3145-pieces
71837,"NINJAGO City Workshops",22500,25499,https://lego.mybrickhouse.com/products/ninjago-r-city-workshops-ninja-playset-building-kit-71837-building-kit-3244-pieces
76273,"Batman Construction Figure and the Bat-Pod Bike",5800,7299,https://lego.mybrickhouse.com/products/dc-batman-batman-construction-figure-the-bat-pod-bike-76273-building-kit-713-pieces
853571,"Hot Dog Guy Key Chain",,699,https://lego.mybrickhouse.com/products/keyring-hot-dog-guy-853571
11201,"Playground Fun with Bluey",2290,2290,https://lego.mybrickhouse.com/products/lego-r-bluey-playground-fun-with-bluey-and-chloe-preschool-toy-building-kit-11201
10361,"Holiday Express Train",11700,12799,https://lego.mybrickhouse.com/products/icons-10361
42212,"Ferrari FXX K",5800,6849,https://lego.mybrickhouse.com/products/technic-ferrari-fxx-k-model-car-kit-stem-42212-building-kit-897-pieces
21360,"Willy Wonka & the Chocolate Factory",19800,22899,https://lego.mybrickhouse.com/products/ideas-21360-1
854305,"Silver Minifigure Keychain",500,699,https://lego.mybrickhouse.com/products/silver-minifigure-keyring-aesthetic-display-toy-854305
854303,"Dark Turquoise Brick Key Chain",500,699,https://lego.mybrickhouse.com/products/bright-bluish-green-2x4-stud-keyring-aesthetic-display-toy-854303
60453,"Lifeguard Beach Rescue Truck",2200,2749,https://lego.mybrickhouse.com/products/city-lifeguard-beach-rescue-truck-playset-60453-building-kit-214-pieces
71826,"Dragon Spinjitzu Battle Pack",1800,2290,https://lego.mybrickhouse.com/products/ninjago-r-dragon-spinjitzu-battle-pack-action-toy-set-71826-building-kit-186-pieces
71823,"Kai's Dragon Spinjitzu Spinner",900,899,https://lego.mybrickhouse.com/products/ninjago-r-kai-s-dragon-spinjitzu-spinner-action-toy-set-71823-building-kit-54-pieces
42643,"Cotton Candy Stand and Scooter",900,899,https://lego.mybrickhouse.com/products/friends-candyfloss-stand-and-scooter-toy-pretend-play-set-42643-building-kit-110-pieces
40650,"Land Rover Classic Defender",1300,1649,https://lego.mybrickhouse.com/products/land-rover-classic-defender-40650-building-toy-set-for-ages-8-150-pieces
43008,"Nike Dunk",9000,10999,https://lego.mybrickhouse.com/products/nike-dunk-trainer-building-kit-43008-1180-pieces
40795,"Luke Skywalker (Rebel Pilot)",1200,899,https://lego.mybrickhouse.com/products/star-wars-brickheadz-luke-skywalker-rebel-pilot-figure-40795-building-kit-138-pieces
10350,"Tudor Corner",20700,24499,https://lego.mybrickhouse.com/products/icons-tudor-corner-model-for-adults-10350-building-kit-3266-pieces
10356,"Star Trek: U.S.S. Enterprise NCC-1701-D",36000,39399,https://lego.mybrickhouse.com/products/icons-star-trek-u-s-s-enterprise-ncc-1701-d-model-kit-for-adults-10356-3600-pieces
10461,"Grandpa Pig's Garden and Greenhouse",8100,8199,https://lego.mybrickhouse.com/products/grandpa-pigs-garden-and-greenhouse
850154,"Red Brick Key Chain",,699,https://lego.mybrickhouse.com/products/keyring-2x4-stud-red-850154-pieces
42178,"Surface Space Loader",3100,3649,https://lego.mybrickhouse.com/products/technic-surface-space-loader-lt78-set-42178-building-kit-435-pieces
40756,"Lucky Knots",,3199,https://lego.mybrickhouse.com/products/lucky-knots-buildable-chinese-decorations-40756-building-kit-317-pieces
10307,"Eiffel Tower",56700,65999,https://lego.mybrickhouse.com/products/eiffel-tower-10307-building-kit-for-adults-10-001-pieces
40750,"Wednesday & Enid",1800,2099,https://lego.mybrickhouse.com/products/brickheadz-wednesday-enid-tv-series-toys-40750-building-kit-239-pieces
71820,"Ninja Team Combo Vehicle",8100,9099,https://lego.mybrickhouse.com/products/ninjago-r-ninja-team-combo-vehicle-4-in-1-toy-71820-building-kit-576-pieces
854235,"Batman Keyring",500,699,https://lego.mybrickhouse.com/products/dc-batman-keyring-854235-gift-for-fans-of-the-caped-crusader-aged-6
76419,"Hogwarts Castle and Grounds",15300,16499,https://lego.mybrickhouse.com/products/harry-potter-hogwarts-castle-and-grounds-76419-building-set-2-660-pieces
40915,"Lion Dance",,2999,https://lego.mybrickhouse.com/products/lego-lion-dance-spring-festival-decorations-40915
42700,"Candy & Cupcake Ferris Wheel",5400,6499,https://lego.mybrickhouse.com/products/lego-r-friends-candy-cupcake-ferris-wheel-42700
40926,"SEGA Genesis Console",3600,4499,https://lego.mybrickhouse.com/products/lego-r-sega-r-sega-genesis-console-building-set-40926
11503,"Flower Wall",8100,9999,https://lego.mybrickhouse.com/products/lego-r-botanicals-flower-wall-decor-11503
77080,"Supply Drop",4000,4499,https://lego.mybrickhouse.com/products/lego-r-fortnite-r-supply-drop-building-set-77080
43301,"Toy Story Slinky Dog Bookends",15999,15999,https://lego.mybrickhouse.com/products/lego-r-disney-and-pixar-toy-story-slinky-dog-bookends-43301
21584,"Nether & End Portal Journey",1499,1499,https://lego.mybrickhouse.com/products/lego-r-minecraft-r-nether-end-portal-journey-gamer-toy-21584
42691,"Garden Restaurant",11700,13999,https://lego.mybrickhouse.com/products/lego-r-friends-garden-restaurant-toy-building-set-42691
71862,"Lloyd's Dragon Mech Battle Pack",900,999,https://lego.mybrickhouse.com/products/lego-r-ninjago-r-lloyd-s-dragon-mech-battle-pack-toy-71862
40860,"Toy Story",3600,4499,https://lego.mybrickhouse.com/products/lego-r-brickheadz-disney-toy-story-building-set-40860
40924,"Megatron Robot & Vehicle",2200,2499,https://lego.mybrickhouse.com/products/lego-r-brickheadz-transformers-megatron-robot-vehicle-40924
77252,"APXGP Team Race Car from F1 The Movie",2500,2999,https://lego.mybrickhouse.com/products/lego-r-speed-champions-apxgp-team-race-car-from-f1-r-the-movie-77252
11377,"The Lord of the Rings: Minas Tirith",62200,69999,https://lego.mybrickhouse.com/products/lego-r-icons-the-lord-of-the-rings-minas-tirith-11377
40861,"Sulley, Mike and Boo Figures",2200,2499,https://lego.mybrickhouse.com/products/lego-r-brickheadz-disney-and-pixar-sulley-mike-and-boo-figures-40861
21598,"Underwater Adventure",2700,2999,https://lego.mybrickhouse.com/products/lego-r-minecraft-r-underwater-adventure-toy-building-set-21598
11389,"Project Hail Mary",9000,11999,https://lego.mybrickhouse.com/products/lego-r-icons-project-hail-mary-spaceship-model-kit-11389
854327,"Simba Key Chain",500,699,https://lego.mybrickhouse.com/products/lego-r-disney-simba-key-chain-animal-gift-idea-854327
40917,"The Darksaber",,2999,https://lego.mybrickhouse.com/products/lego-r-star-wars-the-darksaber-building-kit-for-adults-40917
76301,"Batman & Batmobile vs. Mr. Freeze",1800,2290,https://lego.mybrickhouse.com/products/dc-batman-batman-batmobile-vs-mr-freeze-vehicle-playset-76301
10913,"Brick Box",2700,3199,https://lego.mybrickhouse.com/products/brick-box-10913-building-kit-65-pieces
31388,"Wild Animals: Family of Koalas",11700,12999,https://lego.mybrickhouse.com/products/lego-r-creator-3-in-1-wild-animals-family-of-koalas-31388
10426,"Train Bridge and Tracks Expansion Set",4099,4099,https://lego.mybrickhouse.com/products/duplo-r-town-train-bridge-and-tracks-expansion-set-10426-building-kit-42-pieces
854321,"The Hulk Key Chain",500,699,https://lego.mybrickhouse.com/products/lego-r-marvel-the-hulk-key-chain-with-super-hero-character-minifigure-854321
75460,"New Republic X-Wing Starfighter",6300,7499,https://lego.mybrickhouse.com/products/lego-r-star-wars-new-republic-x-wing-starfighter-set-75460
75442,"The Mandalorian's N-1 Starfighter",22500,26999,https://lego.mybrickhouse.com/products/lego-r-star-wars-the-mandalorian-s-n-1-starfighter-75442
40804,"Bumblebee Robot & Vehicle",2200,2099,https://lego.mybrickhouse.com/products/brickheadz-transformers-bumblebee-robot-figure-vehicle-toy-40804-building-kit-253-pieces
75436,"The Mandalorian & Grogu's Speeder Bike",900,999,https://lego.mybrickhouse.com/products/lego-r-star-wars-the-mandalorian-grogu-s-speeder-bike-75436
40879,"Eleven, Max, Demogorgon and Holly Figures",3600,4499,https://lego.mybrickhouse.com/products/lego-brickheadz-stranger-things-eleven-max-demogorgon-and-holly-figures-40879
11043,"Cool Creative Box",2700,3199,https://lego.mybrickhouse.com/products/classic-cool-creative-box-colourful-building-bricks-toy-11043-building-kit-510-pieces
40818,"Italy Postcard",1300,1449,https://lego.mybrickhouse.com/products/creator-italy-postcard-building-kit-for-kids-40818-building-kit-189-pieces
10365,"Captain Jack Sparrow's Pirate Ship",34200,36499,https://lego.mybrickhouse.com/products/lego-r-icons-captain-jack-sparrow-s-pirate-ship-building-kit-for-adults-10365-2862-pieces
31172,"Record Player with Flowers",2700,3199,https://lego.mybrickhouse.com/products/creator-3in1-record-player-with-flowers-music-set-31172-building-kit-366-pieces
10480,"Discovery Forest with Wild Animals",7200,8499,https://lego.mybrickhouse.com/products/lego-r-duplo-r-discovery-forest-with-wild-animals-10480
42242,"Mercedes-Benz Unimog U 5023 with Crane",11700,12999,https://lego.mybrickhouse.com/products/lego-r-technic-mercedes-benz-unimog-u-5023-with-crane-42242
43013,"Kylian Mbappé – Football Highlights",2700,2999,https://lego.mybrickhouse.com/products/lego-r-editions-kylian-mbappe-soccer-highlights-43013
850808,"Chrome Gold Brick Key Chain",,699,https://lego.mybrickhouse.com/products/keyring-2x4-stud-gold-850808
11203,"Bluey’s Family House",6300,7299,https://lego.mybrickhouse.com/products/lego-r-bluey-bluey-s-family-house-playset-home-building-kit-11203
854111,"Donald Duck Key Chain",500,699,https://lego.mybrickhouse.com/products/disney-donald-duck-keyring-854111
43033,"2026 U.S. Soccer National Team Jersey",2200,2499,https://lego.mybrickhouse.com/products/lego-r-editions-2026-u-s-soccer-national-team-jersey-43033
43012,"Cristiano Ronaldo – Football Highlights",2700,2999,https://lego.mybrickhouse.com/products/lego-r-editions-cristiano-ronaldo-soccer-highlights-43012
854312,"R2-D2 Key Chain",500,699,https://lego.mybrickhouse.com/products/star-wars-r2-d2-keyring-gift-idea-for-kids-aged-6-and-over-854312-building-kit
40916,"Floral Picture Frame",,2499,https://lego.mybrickhouse.com/products/lego-r-botanicals-floral-picture-frame-building-set-40916
21279,"The Enderman Tower",9000,10999,https://lego.mybrickhouse.com/products/minecraft-the-enderman-tower-21279-building-kit-867-pieces
76457,"Hogsmeade Village – Collectors' Edition",36000,41199,https://lego.mybrickhouse.com/products/harry-potter-hogsmeade-village-collectors-edition-76457-building-kit-3228-pieces
43032,"FIFA World Cup 2026 Official Emblem",2200,2499,https://lego.mybrickhouse.com/products/lego-r-editions-fifa-world-cup-2026-official-emblem-43032
21359,"Italian Riviera",27000,28999,https://lego.mybrickhouse.com/products/ideas-italian-riviera-architecture-for-adults-gift-idea-21359-building-kit-3251-pieces
40803,"Optimus Prime Robot & Vehicle",2200,2099,https://lego.mybrickhouse.com/products/brickheadz-transformers-optimus-prime-robot-figure-vehicle-toy-40803-building-kit-237-pieces
42645,"Aliya's Baby Sister's Playroom",1600,1799,https://lego.mybrickhouse.com/products/friends-aliya-s-baby-sister-s-playroom-pretend-play-building-kit-42645-125-pieces
42694,"Pizza Truck",1300,1499,https://lego.mybrickhouse.com/products/lego-r-friends-pizza-truck-building-toy-playset-42694
75429,"AT-AT Driver Helmet",6300,8199,https://lego.mybrickhouse.com/products/star-wars-at-at-driver-helmet-75429-building-kit-730-pieces
43021,"Nike Dunk Trickshot",3600,4099,https://lego.mybrickhouse.com/products/mrmw-43021-1
30717,"Fun Halloween Skeleton",,399,https://lego.mybrickhouse.com/products/fun-halloween-skeleton
71809,"Egalt the Master Dragon",6300,6399,https://lego.mybrickhouse.com/products/ninjago-r-egalt-the-master-dragon-hero-toy-71809-building-kit-532-pieces
60491,"Motorcycle Transporter",1999,1999,https://lego.mybrickhouse.com/products/lego-r-city-motorcycle-transporter-toy-and-2-minifigures-60491
854112,"Daisy Duck Key Chain",500,699,https://lego.mybrickhouse.com/products/disney-daisy-duck-keyring-854112
40824,"Sweetheart Tweety Bird",3100,3649,https://lego.mybrickhouse.com/products/looney-tunes-sweetheart-tweety-bird-figure-display-building-kit-40824-building-kit-412-pieces
31173,"Wild Animals: Tropical Toucan",1600,1799,https://lego.mybrickhouse.com/products/creator-3in1-wild-animals-tropical-toucan-figure-31173-building-kit-225-pieces
854304,"Medium Lavender 2x4 Key Chain",500,699,https://lego.mybrickhouse.com/products/medium-lavender-2x4-stud-keyring-aesthetic-display-toy-854304
11209,"Ultron vs. Iron Man",1800,1999,https://lego.mybrickhouse.com/products/lego-r-marvel-iron-man-and-his-awesome-friends-ultron-vs-iron-man-11209
76923,"Lamborghini Lambo V12 Vision GT Super Car",2400,3199,https://lego.mybrickhouse.com/products/speed-champions-lamborghini-lambo-v12-vision-gt-super-car-76923-building-kit-230-pieces
21590,"Wither Battle",5800,6999,https://lego.mybrickhouse.com/products/lego-r-minecraft-r-wither-battle-pretend-play-gamer-gift-21590
40886,"Penguins in Love",,1499,https://lego.mybrickhouse.com/products/lego-r-penguins-in-love-valentine-s-day-decorations-40886
42196,"Lamborghini Huracán Tecnica Orange",4500,5949,https://lego.mybrickhouse.com/products/technic-lamborghini-huracan-tecnica-orange-set-42196-building-kit-806-pieces
10343,"Mini Orchid",2700,3199,https://lego.mybrickhouse.com/products/botanicals-mini-orchid-plant-gift-10343-building-kit-274-pieces
11037,"Creative Space Planets",3100,2749,https://lego.mybrickhouse.com/products/classic-creative-space-planets-kit-11037-building-kit-450-pieces
10355,"Blacktron Renegade",9000,9099,https://lego.mybrickhouse.com/products/icons-blacktron-renegade-spaceship-10355-building-kit-1151-pieces
42610,"Karaoke Music Party",1800,2290,https://lego.mybrickhouse.com/products/friends-karaoke-music-party-set-42610-building-kit-196-pieces
31161,"Medieval Dragon",5400,6399,https://lego.mybrickhouse.com/products/creator-3in1-medieval-dragon-creature-toy-playset-31161-building-kit-715-pieces
71805,"Jay's Mech Battle Pack",900,1149,https://lego.mybrickhouse.com/products/ninjago-r-jay-s-mech-battle-pack-ninja-toy-71805-building-kit-78-pieces
42177,"Mercedes-Benz G 500 PROFESSIONAL Line",22500,21999,https://lego.mybrickhouse.com/products/technic-mercedes-benz-g-500-professional-line-42177-building-kit-2891-pieces
60449,"Off-Road Police Car Chase",3600,4999,https://lego.mybrickhouse.com/products/city-off-road-police-car-chase-set-60449-building-kit-467-pieces
42648,"Panda Sanctuary Animal Care",2700,3349,https://lego.mybrickhouse.com/products/friends-panda-sanctuary-animal-care-42648-building-kit-243-pieces
42668,"Friends Advent Calendar 2025",3100,3199,https://lego.mybrickhouse.com/products/friends-advent-calendar-2025-christmas-toy-42668-building-kit-237-pieces
21361,"Gremlins: Gizmo",9900,10999,https://lego.mybrickhouse.com/products/ideas-21361-1
42165,"Mercedes-AMG F1 W14 Pull-Back",2400,2749,https://lego.mybrickhouse.com/products/technic-mercedes-amg-f1-w14-e-performance-pull-back-42165-building-kit-240-pieces
854236,"Darth Vader Key Chain",500,699,https://lego.mybrickhouse.com/products/star-wars-darth-vader-keyring-854236-gift-idea-for-kids-aged-6-and-over
10348,"Japanese Red Maple Bonsai Tree",5400,6399,https://lego.mybrickhouse.com/products/japanese-red-maple-bonsai-tree
40528,"LEGO Store",,2099,https://lego.mybrickhouse.com/products/store-40528-building-kit-402-pieces
854153,"Miles Morales Key Chain",500,699,https://lego.mybrickhouse.com/products/marvel-miles-morales-key-chain-854153-fun-and-practical-gift-for-kids-aged-6
10335,"The Endurance",24300,22899,https://lego.mybrickhouse.com/products/icons-the-endurance-ship-model-kit-for-adults-10335-building-kit-3011-pieces
75347,"TIE Bomber",5800,6399,https://lego.mybrickhouse.com/products/star-wars-tie-bomber-75347-building-toy-set-625-pieces
854286,"Snow White Key Chain",500,699,https://lego.mybrickhouse.com/products/snow-white-keyring-854286
854237,"Dark Blue Brick Key Chain",500,699,https://lego.mybrickhouse.com/products/earth-blue-2x4-keyring-854237-gift-for-lego-builders-aged-10
10294,"Titanic",61200,63999,https://lego.mybrickhouse.com/products/titanic-10294-building-kit-9-090-pieces
854187,"Grogu Key Chain",500,699,https://lego.mybrickhouse.com/products/star-wars-grogu-keyring-854187-fun-gift-idea-for-kids-aged-6-and-up
850807,"Gold Minifigure Key Chain",,699,https://lego.mybrickhouse.com/products/keyring-minifigure-gold-850807
853449,"Yoda Key Chain",,699,https://lego.mybrickhouse.com/products/keyring-yoda-2015-853449
854114,"Harry Potter Key Chain",500,699,https://lego.mybrickhouse.com/products/harry-potter-harry-potter-keyring-minifigure
853998,"Mickey Key Chain",500,699,https://lego.mybrickhouse.com/products/disney-mickey-keyring-853998
10472,"Animal Building Game",4500,5499,https://lego.mybrickhouse.com/products/lego-r-duplo-r-animal-building-game-learning-toy-10472
31393,"Forest Animals: Gray Wolf",4500,5499,https://lego.mybrickhouse.com/products/lego-r-creator-3-in-1-forest-animals-gray-wolf-toy-31393
42704,"Heartlake City Grand Hotel",13500,15999,https://lego.mybrickhouse.com/products/lego-r-friends-heartlake-city-grand-hotel-42704
60499,"Airport Fire Truck",6300,7499,https://lego.mybrickhouse.com/products/lego-r-city-airport-fire-truck-toy-truck-building-set-60499
43011,"Lionel Messi – Football Highlights",2700,2999,https://lego.mybrickhouse.com/products/lego-r-editions-lionel-messi-soccer-highlights-43011
21585,"Chicken Farm",1800,1999,https://lego.mybrickhouse.com/products/lego-r-minecraft-r-chicken-farm-gaming-building-toy-21585
42241,"Green Bugatti Chiron Pur Sport Hypercar",5800,6999,https://lego.mybrickhouse.com/products/lego-r-technic-green-bugatti-chiron-pur-sport-hypercar-42241
854316,"Baby Ankylosaurus Key Chain",500,699,https://lego.mybrickhouse.com/products/baby-ankylosaurus-keyring-dinosaur-gift-854316
40220,"London Bus",,899,https://lego.mybrickhouse.com/products/london-bus-40220-building-kit-118-pieces
853946,"Stormtrooper Key Chain",,699,https://lego.mybrickhouse.com/products/stormtrooper-keyring-853946
76326,"Iron Spider-Man Bust",5400,6649,https://lego.mybrickhouse.com/products/marvel-iron-spider-man-bust-collectible-adult-76326-building-kit-379-pieces
40913,"Vintage Parade Car",,2499,https://lego.mybrickhouse.com/products/lego-icons-vintage-parade-car-building-kit-for-adults-40913
40805,"Arcade Machine",3600,4549,https://lego.mybrickhouse.com/products/lego-r-arcade-machine-game-room-decor-gaming-gift-for-ages-10-plus-40805
71838,"Kai's Motorcycle Speed Race",900,1149,https://lego.mybrickhouse.com/products/ninjago-kais-motorcycle-speed-race-71838-building-kit-79-pieces
75411,"Darth Maul Mech",1600,1699,https://lego.mybrickhouse.com/products/star-wars-tm-darth-maul-mech-75411-building-kit-143-pieces
10449,"First Time: Visit with the Doctor",3600,4099,https://lego.mybrickhouse.com/products/duplo-r-town-first-time-visit-to-the-doctor-10449-building-kit-65-pieces
71858,"Four Weapons Blacksmith 15th Anniversary",9000,9999,https://lego.mybrickhouse.com/products/lego-r-ninjago-r-four-weapons-blacksmith-15th-anniversary-71858
60500,"The LEGO Van",2999,2999,https://lego.mybrickhouse.com/products/lego-r-city-the-lego-van-toy-building-set-for-kids-60500
76477,"Norbert: Hagrid's Baby Dragon",4500,5499,https://lego.mybrickhouse.com/products/lego-r-harry-potter-norbert-hagrid-s-baby-dragon-toy-76477
30721,"Flower Stand with Roses",,399,https://lego.mybrickhouse.com/products/lego-30721-recruitment-bags-flower-stand-with-roses-55-pieces
11371,"Shopping Street",22500,24999,https://lego.mybrickhouse.com/products/lego-r-icons-shopping-street-model-building-kit-11371
40764,"Easter Bunny Surprise",,2099,https://lego.mybrickhouse.com/products/easter-bunny-surprise-animal-toy-for-kids-who-love-imaginative-play-40764-building-kit-217-pieces
75390,"Luke Skywalker X-Wing Mech",1400,1799,https://lego.mybrickhouse.com/products/star-wars-luke-skywalker-x-wing-mech-set-75390-building-kit-195-pieces
40669,"Iron Man MK5 Figure",900,899,https://lego.mybrickhouse.com/products/brickheadz-marvel-iron-man-mk5-figure-40669-building-kit-101-pieces
40719,"Traditional Chess Set",6700,7299,https://lego.mybrickhouse.com/products/traditional-chess-set-board-game-for-kids-40719-building-kit-743-pieces
60495,"Recycling Truck",3600,4499,https://lego.mybrickhouse.com/products/lego-r-city-recycling-truck-toy-truck-for-kids-60495
76478,"Book Nook: Dumbledore's Office",11700,12999,https://lego.mybrickhouse.com/products/lego-r-harry-potter-book-nook-dumbledore-s-office-set-76478
40871,"Gift Box Celebration",1800,1999,https://lego.mybrickhouse.com/products/lego-r-gift-box-celebration-happy-birthday-decor-40871
40923,"Shrek, Donkey & Gingy Figures",2200,2499,https://lego.mybrickhouse.com/products/lego-r-brickheadz-shrek-donkey-gingy-figures-40923
71439,"Adventures with Interactive LEGO Mario",4500,5999,https://lego.mybrickhouse.com/products/lego-r-super-mario-adventures-with-interactive-lego-r-mario-71439
76435,"Hogwarts Castle: The Great Hall",18000,17299,https://lego.mybrickhouse.com/products/harry-potter-hogwarts-castle-the-great-hall-76435-building-kit-1732-pieces
854234,"Chili Girl Key Chain",500,699,https://lego.mybrickhouse.com/products/chilli-girl-keyring-854234-fun-spice-themed-gift-for-kids-aged-10
10366,"Tropical Aquarium",43200,45799,https://lego.mybrickhouse.com/products/icons-10366
40772,"Celebration Series: Luminous Ghost",,2299,https://lego.mybrickhouse.com/products/tbd_halloween-1
21363,"The Goonies",29700,31199,https://lego.mybrickhouse.com/products/ideas-21363-1
75409,"Jango Fett's Firespray-Class Starship",27000,32999,https://lego.mybrickhouse.com/products/lego-r-star-wars-jango-fett-s-firespray-class-starship-display-set-75409
854317,"T. rex Suit Guy Key Chain",500,699,https://lego.mybrickhouse.com/products/lego-r-t-rex-suit-guy-key-chain-gift-idea-for-kids-aged-6-and-up-854317
40468,"Yellow Taxi",900,899,https://lego.mybrickhouse.com/products/creator-yellow-taxi-40468-building-kit-124-pieces
76784,"Black Dahlia Flower",2500,2749,https://lego.mybrickhouse.com/products/wednesday-black-dahlia-flower-halloween-gift-faux-plant-room-decor-76784-building-kit-358-pieces
854306,"Mushroom Girl Key Chain",500,699,https://lego.mybrickhouse.com/products/mushroom-girl-keyring-aesthetic-display-toy-854306
71048,"Series 27 - Complete - All Sets",400,399,https://lego.mybrickhouse.com/products/minifigures-series-27-collectible-figures-71048-building-kit-9-pieces
10281,"Bonsai Tree",4800,5449,https://lego.mybrickhouse.com/products/bonsai-tree-10281-building-kit-878-pieces
40796,"Revenge of the Sith Heroes & Villains",4500,5449,https://lego.mybrickhouse.com/products/star-wars-brickheadz-revenge-of-the-sith-heroes-and-villains-set-40796-building-kit-656-pieces
40864,"Fortune Master",2700,2999,https://lego.mybrickhouse.com/products/lego-r-fortune-master-spring-festival-decoration-40864
76303,"Batman Tumbler vs. Two-Face & The Joker",6399,6399,https://lego.mybrickhouse.com/products/dc-batman-batman-tumbler-vs-two-face-the-joker-toy-car-76303-building-kit-429-pieces
21358,"Minifigure Vending Machine",16200,18299,https://lego.mybrickhouse.com/products/ideas-minifigure-vending-machine-21358-building-kit-1343-pieces
76442,"Hogwarts Castle: Charms Class",1800,2290,https://lego.mybrickhouse.com/products/harry-potter-hogwarts-castle-charms-class-wizard-toy-for-kids-76442-building-kit-204-pieces
10352,"The Simpsons: Krusty Burger",20100,20999,https://lego.mybrickhouse.com/products/lego-r-icons-the-simpsons-krusty-burger-building-set-for-adults-10352
854196,"Goofy Key Chain",500,699,https://lego.mybrickhouse.com/products/disney-classic-goofy-key-chain-854196-fun-gift-idea-for-kids-aged-6-and-up
40547,"Obi-Wan Kenobi & Darth Vader",1800,2099,https://lego.mybrickhouse.com/products/lego-r-brickheadz-star-wars-obi-wan-kenobi-darth-vader-40547-260-pieces
10360,"Shuttle Carrier Aircraft",20700,23799,https://lego.mybrickhouse.com/products/icons-shuttle-carrier-aircraft-home-office-decor-building-set-10360
42674,"Comic Book and Game Store",9000,9999,https://lego.mybrickhouse.com/products/friends-comic-book-and-game-shop-42674-building-kit-1005-pieces
40819,"Up-Scaled Racing Driver Minifigure",5400,5949,https://lego.mybrickhouse.com/products/scaled-up-racing-driver-minifigure-building-kit-40819-building-kit-694-pieces
10456,"McQueen's Visit to Doc's Garage",2700,3349,https://lego.mybrickhouse.com/products/duplo-disney-mcqueens-visit-to-docs-garage-10456-building-kit-35-pieces
30688,"Tropical Toucan",,399,https://lego.mybrickhouse.com/products/tropical-toucan-30688-building-kit-59-pieces
76439,"Ollivanders & Madam Malkin’s Robes",8100,9099,https://lego.mybrickhouse.com/products/harry-potter-ollivanders-madam-malkins-robes-76439-building-kit-744-pieces
854290,"Spider-Man Key Chain",500,699,https://lego.mybrickhouse.com/products/marvel-spider-man-keyring-854290
10452,"Camping Trip",1800,2290,https://lego.mybrickhouse.com/products/duplo-r-peppa-pig-camping-trip-building-playset-with-canoe-toy-10452-building-kit-32-pieces
10339,"Santa's Post Office",9000,11999,https://lego.mybrickhouse.com/products/icons-santa-s-post-office-building-set-10339-1440-pieces
40674,"Stitch",1200,899,https://lego.mybrickhouse.com/products/brickheadz-stitch-figure-buildable-toy-40674-building-kit-152-pieces
30665,"Baby Gorilla Encounter",,399,https://lego.mybrickhouse.com/products/baby-gorilla-encounter-30665-building-kit-34-pieces
75407,"Brick-Built Star Wars Logo",5400,8199,https://lego.mybrickhouse.com/products/brick-built-star-wars-logo-75407-building-kit-700-pieces
854296,"Rocket Raccoon Key Chain",500,699,https://lego.mybrickhouse.com/products/lego-r-marvel-rocket-raccoon-key-chain-854296-with-minifigure
43306,"Lotso",3600,4499,https://lego.mybrickhouse.com/products/lego-r-disney-and-pixar-toy-story-lotso-building-toy-43306
10466,"Train Ride with Grandpa Pig",3600,4999,https://lego.mybrickhouse.com/products/lego-duplo-peppa-pig-train-ride-with-grandpa-pig-toy-10466
42166,"NEOM McLaren Extreme E Race Car",2400,2749,https://lego.mybrickhouse.com/products/technic-neom-mclaren-extreme-e-race-car-42166-building-kit-252-pieces
60511,"Vintage Steam Train",8100,9999,https://lego.mybrickhouse.com/products/lego-r-city-vintage-steam-train-toy-building-set-60511
77073,"Battle Bus",9000,9099,https://lego.mybrickhouse.com/products/lego-r-fortnite-r-battle-bus-video-game-toy-77073
77092,"Great Deku Tree 2-in-1",27000,25499,https://lego.mybrickhouse.com/products/the-legend-of-zelda-great-deku-tree-2-in-1-set-77092-building-kit-2500-pieces
30670,"Santa's Sleigh Ride",,399,https://lego.mybrickhouse.com/products/santas-sleigh-ride-30670-building-kit-73-pieces
60423,"Downtown Streetcar and Station",8100,9099,https://lego.mybrickhouse.com/products/city-downtown-tram-and-station-toy-set-60423-building-kit-811-pieces
60502,"Airport with Airplane",9999,9999,https://lego.mybrickhouse.com/products/lego-r-city-airport-with-airplane-toy-model-airport-set-60502
31390,"Floral Art Decor Painting",2700,2999,https://lego.mybrickhouse.com/products/lego-r-creator-3-in-1-floral-art-decor-painting-31390
31378,"Space Exploration Telescope",3100,3899,https://lego.mybrickhouse.com/products/lego-r-creator-3-in-1-space-exploration-telescope-toy-31378
71865,"Zane's Ice Dragon Battle",3600,4499,https://lego.mybrickhouse.com/products/lego-r-ninjago-r-zane-s-ice-dragon-battle-toy-set-71865
11378,"Douglas DC-3 PAN AM Airliner",19800,21999,https://lego.mybrickhouse.com/products/lego-r-icons-douglas-dc-3-pan-am-r-airliner-model-kit-11378
72423,"Shrek, Donkey & Puss in Boots",11700,12999,https://lego.mybrickhouse.com/products/lego-r-shrek-shrek-donkey-puss-in-boots-figure-kit-72423
31137,"Adorable Dogs",2700,3199,https://lego.mybrickhouse.com/products/creator-adorable-dogs-31137-building-toy-set-475-pieces
40878,"Teenage Mutant Ninja Turtles Figures",3600,4499,https://lego.mybrickhouse.com/products/lego-r-brickheadz-tmnt-teenage-mutant-ninja-turtles-figures-40878
43217,"Up House​",5400,6399,https://lego.mybrickhouse.com/products/disney-and-pixar-up-house-43217-building-toy-set-598-pieces
77079,"Tomatohead",1600,1499,https://lego.mybrickhouse.com/products/lego-r-fortnite-r-tomatohead-building-set-77079
40891,"Stranger Things: WSQK Radio Station",,2499,https://lego.mybrickhouse.com/products/lego-r-icons-stranger-things-wsqk-radio-station-model-kit-40891
40856,"The Mandalorian and Grogu: Allies & Villains",3600,4499,https://lego.mybrickhouse.com/products/lego-r-star-wars-brickheadz-the-mandalorian-and-grogu-allies-villains-40856
10357,"Shelby Cobra 427 S/C",14400,16499,https://lego.mybrickhouse.com/products/icons-shelby-cobra-427-s-c-collectible-model-car-kit-for-adults-10357-building-kit-1241-pieces
42703,"Mermaid Roller Coaster Ride",9900,10999,https://lego.mybrickhouse.com/products/lego-r-friends-mermaid-roller-coaster-ride-building-toy-42703
40922,"Lilo & Stitch: Angel",1200,1299,https://lego.mybrickhouse.com/products/lego-r-brickheadz-lilo-stitch-angel-movie-gift-building-toy-40922
60488,"Fries Food Truck",1800,1999,https://lego.mybrickhouse.com/products/lego-r-city-fries-food-truck-toy-building-set-60488
40953,"London Bus",1800,1999,https://lego.mybrickhouse.com/products/lego-r-london-bus-toy-40953
40569,"London Postcard",1300,1449,https://lego.mybrickhouse.com/products/london-postcard-40569-building-kit-for-ages-9-277-pieces
10478,"3 in 1 Creative Ramps with Vehicles",6300,7499,https://lego.mybrickhouse.com/products/lego-r-duplo-r-town-3-in-1-creative-ramps-with-vehicles-10478
21356,"River Steamboat",29700,36499,https://lego.mybrickhouse.com/products/ideas-river-steamboat-nautical-decor-for-the-home-21356-building-kit-4090-pieces
854319,"Stitch Key Chain",500,699,https://lego.mybrickhouse.com/products/lego-r-disney-stitch-key-chain-fun-adults-or-kids-accessories-to-wear-854319
76967,"Little Eatie: T. rex",2200,2749,https://lego.mybrickhouse.com/products/jurassic-world-little-eatie-t-rex-dinosaur-model-building-kit-76967-building-kit-317-pieces
10375,"How to Train Your Dragon: Toothless",6300,7749,https://lego.mybrickhouse.com/products/icons-how-to-train-your-dragon-toothless-building-set-for-adults-10375-784-pieces
77241,"2 Fast 2 Furious Honda S2000",2400,3199,https://lego.mybrickhouse.com/products/speed-champions-2-fast-2-furious-honda-s2000-77241-building-kit-300-pieces
76962,"Baby Bumpy: Ankylosaurus",2200,2749,https://lego.mybrickhouse.com/products/jurassic-world-baby-bumpy-ankylosaurus-toy-76962-building-kit-358-pieces
42164,"Off-Road Race Buggy",1800,1799,https://lego.mybrickhouse.com/products/technic-off-road-race-buggy-car-toy-42164-building-kit-219-pieces
43263,"Beauty and the Beast Castle",25200,31199,https://lego.mybrickhouse.com/products/disney-princess-beauty-and-the-beast-castle-building-kit-43263-building-kit-2916-pieces
10354,"The Lord of the Rings: The Shire",24300,27499,https://lego.mybrickhouse.com/products/icons-the-lord-of-the-rings-the-shire-10354-building-kit-2017-pieces
10967,"Police Motorcycle",900,1099,https://lego.mybrickhouse.com/products/duplo-r-rescue-police-motorcycle-10967-building-toy-5-pieces
10344,"Lucky Bamboo",2700,3199,https://lego.mybrickhouse.com/products/botanicals-lucky-bamboo-plant-decor-10344-building-kit-325-pieces
31159,"Wild Animals: Surprising Spider",1200,1349,https://lego.mybrickhouse.com/products/creator-3in1-wild-animals-surprising-spider-toy-playset-31159-building-kit-153-pieces
11042,"Creative Happy Box",3600,4099,https://lego.mybrickhouse.com/products/classic-creative-happy-box-colourful-building-bricks-toy-11042-building-kit-680-pieces
21354,"Twilight The Cullen House",19800,22899,https://lego.mybrickhouse.com/products/ideas-twilight-the-cullen-house-film-memorabilia-21354-building-kit-2001-pieces
854313,"C-3PO Key Chain",500,699,https://lego.mybrickhouse.com/products/star-wars-c-3po-keyring-gift-idea-for-kids-aged-6-and-over-854313-building-kit
75640,"The Baratie Floating Restaurant",29700,32999,https://lego.mybrickhouse.com/products/one-piece-the-baratie-floating-restaurant-anime-gift-model-kit-75640-3402-pieces
40709,"Spring Animal Playground ​ ​",1200,1449,https://lego.mybrickhouse.com/products/spring-animal-playground-toy-playset-40709-building-kit-172-pieces
60458,"Pizza vs. Fire Truck Race Car Pack",900,899,https://lego.mybrickhouse.com/products/city-pizza-vs-fire-truck-race-car-pack-toy-soapbox-racing-set-60458-building-kit-70-pieces
77071,"Supply Llama",3600,4099,https://lego.mybrickhouse.com/products/lego-r-fortnite-r-supply-llama-video-game-toy-77071
854124,"The Mandalorian Key Chain",500,699,https://lego.mybrickhouse.com/products/star-wars-the-mandalorian-keyring-854124-fun-gift-idea-for-star-wars-fans
76970,"Baby Dinosaur Dolores: Aquilops",2500,2749,https://lego.mybrickhouse.com/products/jurassic-world-baby-dinosaur-dolores-aquilops-76970-building-kit-339-pieces
43010,"Nike Slam Dunk",6300,7749,https://lego.mybrickhouse.com/products/mrmw-43010-1
75379,"R2-D2",9000,9099,https://lego.mybrickhouse.com/products/star-wars-r2-d2-set-75379-building-kit-1050-pieces
40708,"Mini Disney Ariel's Castle",3600,4549,https://lego.mybrickhouse.com/products/disney-princess-mini-disney-ariel-s-castle-40708-building-kit-557-pieces
854115,"Hermione Key Chain",500,699,https://lego.mybrickhouse.com/products/harry-potter-hermione-granger-keyring-minifigure
40752,"Carl, Russell & Kevin",2200,2099,https://lego.mybrickhouse.com/products/brickheadz-disney-and-pixar-carl-russell-kevin-40752-building-kit-308-pieces
10333,"The Lord of the Rings: Barad-dûr",41400,43999,https://lego.mybrickhouse.com/products/icons-the-lord-of-the-rings-barad-dur-10333-building-kit-5471-pieces
77070,"Durrr Burger",1300,1799,https://lego.mybrickhouse.com/products/fortnite-r-durrr-burger-video-game-building-set-77070-193-pieces
71816,"Zane's Ice Motorcycle",900,1149,https://lego.mybrickhouse.com/products/ninjago-r-zane-s-ice-motorcycle-toy-set-71816-building-kit-84-pieces
76920,"Ford Mustang Dark Horse Sports Car",2400,3199,https://lego.mybrickhouse.com/products/speed-champions-ford-mustang-dark-horse-sports-car-76920-building-kit-344-pieces
76280,"Spider-Man vs. Sandman: Final Battle",3400,4099,https://lego.mybrickhouse.com/products/marvel-spider-man-vs-sandman-final-battle-set-76280-building-kit-347-pieces
76292,"Captain America vs. Red Hulk Battle",4900,5949,https://lego.mybrickhouse.com/products/marvel-captain-america-vs-red-hulk-battle-76292-building-kit-223-pieces
40649,"Up-Scaled LEGO Minifigure",5400,5949,https://lego.mybrickhouse.com/products/scaled-up-lego-minifigure-40649-building-toy-set-for-ages-10-654-pieces
854320,"Batgirl Key Chain",500,699,https://lego.mybrickhouse.com/products/lego-r-dc-batgirl-key-chain-with-super-hero-character-minifigure-854320
853999,"Minnie Key Chain",500,699,https://lego.mybrickhouse.com/products/disney-minnie-keyring-853999
75639,"The Going Merry Pirate Ship",12600,14499,https://lego.mybrickhouse.com/products/one-piece-the-going-merry-pirate-ship-boat-set-75639-building-kit-1376-pieces
854240,"Iron Man Key Chain",500,699,https://lego.mybrickhouse.com/products/marvel-iron-man-keyring-854240-practical-super-hero-gift-for-kids-aged-6
71841,"Dragonian Storm Village",3600,4099,https://lego.mybrickhouse.com/products/ninjago-r-dragonian-storm-village-battle-arena-toy-playset-71841-building-kit-305-pieces
40817,"Yellow Travel Suitcase",1300,1649,https://lego.mybrickhouse.com/products/lego-r-yellow-travel-suitcase-toy-luggage-model-building-kit-gift-40817
10454,"Mickey Mouse Clubhouse & Car",1800,2290,https://lego.mybrickhouse.com/products/duplo-r-disney-mickey-mouse-clubhouse-car-building-kit-10454-27-pieces
40619,"EVE & WALL•E",1800,1649,https://lego.mybrickhouse.com/products/brickheadz-disney-pixar-eve-wall-e-40619-building-toy-kit-155-pieces
40797,"Eeyore",1200,899,https://lego.mybrickhouse.com/products/brickheadz-disney-eeyore-animal-figure-40797-building-kit-156-pieces
10345,"Flower Arrangement",9900,10999,https://lego.mybrickhouse.com/products/botanicals-flower-arrangement-floral-home-decor-10345-building-kit-1161-pieces
75419,"Death Star",90000,104999,https://lego.mybrickhouse.com/products/star-wars-75419-1
60373,"Fire Rescue Boat",2700,2290,https://lego.mybrickhouse.com/products/city-fire-rescue-boat-60373-building-toy-set-144-pieces
854238,"Harley Quinn Keyring",500,699,https://lego.mybrickhouse.com/products/lego-r-dc-harley-quinn-key-chain-854238-fun-and-practical-gift-for-kids-aged-10
71806,"Cole's Earth Mech",1800,2290,https://lego.mybrickhouse.com/products/ninjago-r-cole-s-elemental-earth-mech-toy-71806-building-kit-235-pieces
854289,"Emperor Palpatine Key Chain",500,699,https://lego.mybrickhouse.com/products/star-wars-emperor-palpatine-keyring-854289
854288,"Luke Skywalker Pilot Key Chain",500,699,https://lego.mybrickhouse.com/products/star-wars-luke-skywalker-pilot-keyring-854288
40813,"Lucky Cat",2700,3199,https://lego.mybrickhouse.com/products/lucky-cat-good-luck-decor-piece-building-kit-40813-building-kit-280-pieces
40518,"High-Speed Train",1800,2099,https://lego.mybrickhouse.com/products/creator-high-speed-train-40518-building-kit-284-pieces
40519,"New York Postcard",1300,1449,https://lego.mybrickhouse.com/products/new-york-postcard-40519-building-kit-for-ages-9-255-pieces
21251,"Steve's Desert Expedition",1000,899,https://lego.mybrickhouse.com/products/minecraft-r-the-armoury-building-adventure-21251-building-kit-75-pieces
42622,"Adventure Camp Archery Range",1300,1449,https://lego.mybrickhouse.com/products/friends-adventure-camp-archery-range-toy-42622-building-kit-157-pieces
42624,"Adventure Camp Cozy Cabins",4000,5049,https://lego.mybrickhouse.com/products/friends-adventure-camp-cosy-cabins-camping-toy-42624-437-pieces
21353,"The Botanical Garden",29700,27499,https://lego.mybrickhouse.com/products/ideas-the-botanical-garden-nature-gift-21353-building-kit-3792-pieces
40707,"Year of the Snake",,1099,https://lego.mybrickhouse.com/products/year-of-the-snake-toy-40707-building-kit-174-pieces
71808,"Kai's Elemental Fire Mech",2700,3199,https://lego.mybrickhouse.com/products/ninjago-r-kai-s-elemental-fire-mech-toy-71808-building-kit-322-pieces
854158,"French Bulldog Guy Key Chain",500,699,https://lego.mybrickhouse.com/products/lego-r-french-bulldog-guy-key-chain-854158-with-minifigure
11036,"Creative Vehicles",4900,4999,https://lego.mybrickhouse.com/products/classic-creative-vehicles-building-toy-11036-building-kit-900-pieces
854201,"Santa Key Chain",500,699,https://lego.mybrickhouse.com/products/santa-keyring-854201-seasonal-gift-for-kids-aged-6
854294,"Loki Key Chain",500,699,https://lego.mybrickhouse.com/products/marvel-loki-keyring-854294
10421,"Alphabet Truck",3600,4549,https://lego.mybrickhouse.com/products/duplo-r-town-alphabet-truck-toy-10421-building-kit-36-pieces
42179,"Planet Earth and Moon in Orbit",7299,7299,https://lego.mybrickhouse.com/products/technic-planet-earth-and-moon-in-orbit-42179-building-kit-526-pieces
854291,"Groot Key Chain",500,699,https://lego.mybrickhouse.com/products/marvel-groot-keyring-854291
40478,"Mini Disney Castle",3600,4549,https://lego.mybrickhouse.com/products/disney-mini-disney-castle-40478-building-kit-567-pieces
10330,"McLaren MP4/4 & Ayrton Senna",7200,7299,https://lego.mybrickhouse.com/products/icons-mclaren-mp4-4-ayrton-senna-set-10330-693-pieces
40713,"Japan Postcard",1300,1449,https://lego.mybrickhouse.com/products/japan-postcard-gift-40713-building-kit-262-pieces
31155,"Hamster Wheel",2700,3199,https://lego.mybrickhouse.com/products/creator-hamster-wheel-3in1-animal-toy-set-31155-building-kit-416-pieces
10315,"Tranquil Garden",9900,11899,https://lego.mybrickhouse.com/products/icons-tranquil-garden-10315-building-kit-for-adults-1-363-pieces
10295,"Porsche 911 Turbo & 911 Targa",15300,18299,https://lego.mybrickhouse.com/products/porsche-911-10295-building-kit-1-458-pieces
10318,"Concorde",18000,18299,https://lego.mybrickhouse.com/products/icons-concorde-10318-building-set-2-083-pieces
21178,"The Fox Lodge",1800,2290,https://lego.mybrickhouse.com/products/minecraft-r-the-fox-lodge-21178-building-kit-193-pieces